Sample; LockDetected; LockStrategy; TextDetected; TextScore; Languages; RW Permission; EncryptionDetected; PhotoCaptureDetected; DeviceAdminUsed; DeviceAdminPolicies; DevAdminFromReflection; Comment; TimedOut; Classified files
/home/khoa/Desktop/demo_nt334/heldroid/../dataset/apks/Ransomware/RansomBO/14013bbb99636e4d17099401aae616ba.apk; true; DrawOver; false; 0.000000; [english]; true; false; false; true; [USES_POLICY_FORCE_LOCK]; false; "Threat: 0.288675, Porn: 0.235702, Law: 0.000000, Copyright: 0.000000, Moneypak: 0.119523"; false; {copyright=[], law=[], moneypak=[res/values/strings.xml], threat=[res/values/strings.xml], porn=[res/values/strings.xml]}
/home/khoa/Desktop/demo_nt334/heldroid/../dataset/apks/Ransomware/RansomBO/10672a166c8301cc9e0ddebf3ed91fbe.apk; true; DrawOver; false; 0.000000; [english]; true; false; false; true; [USES_POLICY_FORCE_LOCK]; false; "Threat: 0.288675, Porn: 0.235702, Law: 0.000000, Copyright: 0.000000, Moneypak: 0.119523"; false; {copyright=[], law=[], moneypak=[res/values/strings.xml], threat=[res/values/strings.xml], porn=[res/values/strings.xml]}
/home/khoa/Desktop/demo_nt334/heldroid/../dataset/apks/Ransomware/RansomBO/1d4fcc628e65babec21985b71295cc9a.apk; true; DrawOver; false; 0.000000; [english]; true; false; false; true; [USES_POLICY_FORCE_LOCK]; false; "Threat: 0.288675, Porn: 0.235702, Law: 0.000000, Copyright: 0.000000, Moneypak: 0.119523"; false; {copyright=[], law=[], moneypak=[res/values/strings.xml], threat=[res/values/strings.xml], porn=[res/values/strings.xml]}
/home/khoa/Desktop/demo_nt334/heldroid/../dataset/apks/Ransomware/RansomBO/12d31f8b0dc89a3b196b56ce7ac23b89.apk; true; DrawOver; false; 0.000000; [english]; true; false; false; true; [USES_POLICY_FORCE_LOCK]; false; "Threat: 0.288675, Porn: 0.235702, Law: 0.000000, Copyright: 0.000000, Moneypak: 0.119523"; false; {copyright=[], law=[], moneypak=[res/values/strings.xml], threat=[res/values/strings.xml], porn=[res/values/strings.xml]}
/home/khoa/Desktop/demo_nt334/heldroid/../dataset/apks/Ransomware/RansomBO/0277658e68a30104fec943150f74b0e5.apk; true; DrawOver; false; 0.000000; [english]; true; false; false; true; [USES_POLICY_FORCE_LOCK]; false; "Threat: 0.288675, Porn: 0.235702, Law: 0.000000, Copyright: 0.000000, Moneypak: 0.119523"; false; {copyright=[], law=[], moneypak=[res/values/strings.xml], threat=[res/values/strings.xml], porn=[res/values/strings.xml]}
/home/khoa/Desktop/demo_nt334/heldroid/../dataset/apks/Ransomware/RansomBO/047f5f8602dbe34cb94bfc6d508e49fb.apk; true; DrawOver; false; 0.000000; [english]; true; false; false; true; [USES_POLICY_FORCE_LOCK]; false; "Threat: 0.288675, Porn: 0.235702, Law: 0.000000, Copyright: 0.000000, Moneypak: 0.119523"; false; {copyright=[], law=[], moneypak=[res/values/strings.xml], threat=[res/values/strings.xml], porn=[res/values/strings.xml]}
/home/khoa/Desktop/demo_nt334/heldroid/../dataset/apks/Ransomware/RansomBO/08fc87495bb335263373d85df13403ab.apk; true; DrawOver; false; 0.000000; [english]; true; false; false; true; [USES_POLICY_FORCE_LOCK]; false; "Threat: 0.288675, Porn: 0.235702, Law: 0.000000, Copyright: 0.000000, Moneypak: 0.119523"; false; {copyright=[], law=[], moneypak=[res/values/strings.xml], threat=[res/values/strings.xml], porn=[res/values/strings.xml]}
/home/khoa/Desktop/demo_nt334/heldroid/../dataset/apks/Ransomware/RansomBO/1ef20d8e75b9706d1597d58022a1e7c3.apk; true; DrawOver; false; 0.000000; [english]; true; false; false; true; [USES_POLICY_FORCE_LOCK]; false; "Threat: 0.288675, Porn: 0.235702, Law: 0.000000, Copyright: 0.000000, Moneypak: 0.119523"; false; {copyright=[], law=[], moneypak=[res/values/strings.xml], threat=[res/values/strings.xml], porn=[res/values/strings.xml]}
/home/khoa/Desktop/demo_nt334/heldroid/../dataset/apks/Ransomware/RansomBO/00da61a6c82ee1b6321898c40dda0205.apk; true; DrawOver; false; 0.000000; [english]; true; false; false; true; [USES_POLICY_FORCE_LOCK]; false; "Threat: 0.288675, Porn: 0.235702, Law: 0.000000, Copyright: 0.000000, Moneypak: 0.119523"; false; {copyright=[], law=[], moneypak=[res/values/strings.xml], threat=[res/values/strings.xml], porn=[res/values/strings.xml]}
/home/khoa/Desktop/demo_nt334/heldroid/../dataset/apks/Ransomware/RansomBO/159378f47540a8dbdc99d0e4625e6e97.apk; true; DrawOver; false; 0.000000; [english]; true; false; false; true; [USES_POLICY_FORCE_LOCK]; false; "Threat: 0.288675, Porn: 0.235702, Law: 0.000000, Copyright: 0.000000, Moneypak: 0.119523"; false; {copyright=[], law=[], moneypak=[res/values/strings.xml], threat=[res/values/strings.xml], porn=[res/values/strings.xml]}
/home/khoa/Desktop/demo_nt334/heldroid/../dataset/apks/Ransomware/PornDroid/1c53e2c34d1219a2fae8fcf8ec872ac8.apk; true; DrawOver; true; 1.000000; [spanish, english]; true; false; false; false; null; false; "Threat: 1.000000, Porn: 1.000000, Law: 0.732520, Copyright: 0.204124, Moneypak: 0.894427"; true; {copyright=[res/layout/page2.xml, res/values/strings.xml], law=[res/layout/page2.xml, res/layout/page1.xml, res/layout/page5.xml], moneypak=[res/layout/page2.xml, res/layout/page7.xml, res/layout/pay1.xml, res/layout/menu.xml, res/layout/pay2.xml, res/layout/showshop.xml, res/layout/page1.xml, res/layout/page3.xml], threat=[res/layout/page2.xml, res/layout/pay1.xml, res/layout/pay2.xml, res/layout/page1.xml, res/layout/page4.xml, res/layout/page5.xml, res/layout/page8.xml, res/layout/page6.xml], porn=[res/layout/page2.xml, res/layout/pay1.xml, res/layout/pay2.xml, res/layout/page1.xml]}
/home/khoa/Desktop/demo_nt334/heldroid/../dataset/apks/Ransomware/PornDroid/00c0a3916b33e792e4b5f23a3a58ec7d.apk; true; DrawOver; true; 1.000000; [spanish, english]; true; false; false; true; [USES_ENCRYPTED_STORAGE]; false; "Threat: 1.000000, Porn: 1.000000, Law: 0.732520, Copyright: 0.183309, Moneypak: 0.894427"; false; {copyright=[assets/index.html], law=[assets/index.html], moneypak=[assets/index.html], threat=[assets/index.html], porn=[assets/index.html]}
/home/khoa/Desktop/demo_nt334/heldroid/../dataset/apks/Ransomware/PornDroid/1d342362aa5deb2d3c96294ef0a65cc0.apk; true; DrawOver; true; 1.000000; [spanish, english]; true; false; false; false; null; false; "Threat: 1.000000, Porn: 1.000000, Law: 0.732520, Copyright: 0.204124, Moneypak: 0.894427"; false; {copyright=[res/layout/page2.xml, res/values/strings.xml], law=[res/layout/page2.xml, res/layout/page1.xml, res/layout/page5.xml], moneypak=[res/layout/page2.xml, res/layout/page7.xml, res/layout/pay1.xml, res/layout/menu.xml, res/layout/pay2.xml, res/layout/showshop.xml, res/layout/page1.xml, res/layout/page3.xml], threat=[res/layout/page2.xml, res/layout/pay1.xml, res/layout/pay2.xml, res/layout/page1.xml, res/layout/page4.xml, res/layout/page5.xml, res/layout/page8.xml, res/layout/page6.xml], porn=[res/layout/page2.xml, res/layout/pay1.xml, res/layout/pay2.xml, res/layout/page1.xml]}
/home/khoa/Desktop/demo_nt334/heldroid/../dataset/apks/Ransomware/PornDroid/25ca0d7522236b3fb7e3ce93fc9d5a13.apk; true; DrawOver; false; 0.000000; []; false; false; false; true; [USES_POLICY_FORCE_LOCK]; false; "Threat: 0.000000, Porn: 0.000000, Law: 0.000000, Copyright: 0.000000, Moneypak: 0.000000"; false; {copyright=[], law=[], moneypak=[], threat=[], porn=[]}
/home/khoa/Desktop/demo_nt334/heldroid/../dataset/apks/Ransomware/PornDroid/1ad669a7c148352dbb5389a8238e8fa0.apk; true; DrawOver; true; 1.000000; [english]; true; false; false; false; null; false; "Threat: 1.000000, Porn: 1.000000, Law: 1.000000, Copyright: 0.000000, Moneypak: 1.000000"; false; {copyright=[], law=[res/layout/overlay.xml], moneypak=[res/layout/overlay.xml], threat=[res/layout/overlay.xml], porn=[res/layout/overlay.xml]}
/home/khoa/Desktop/demo_nt334/heldroid/../dataset/apks/Ransomware/PornDroid/28ec3aacbb81f7e0ca51e2374fccb09c.apk; true; DrawOver; true; 1.000000; [spanish, english]; true; false; false; true; [USES_ENCRYPTED_STORAGE]; false; "Threat: 1.000000, Porn: 1.000000, Law: 0.732520, Copyright: 0.183309, Moneypak: 0.894427"; false; {copyright=[assets/index.html], law=[assets/index.html], moneypak=[assets/index.html], threat=[assets/index.html], porn=[assets/index.html]}
/home/khoa/Desktop/demo_nt334/heldroid/../dataset/apks/Ransomware/PornDroid/244c982e91b55edd55fab1c96c392211.apk; true; DrawOver; true; 1.000000; [spanish, english]; true; false; false; false; null; false; "Threat: 1.000000, Porn: 1.000000, Law: 0.732520, Copyright: 0.204124, Moneypak: 0.894427"; false; {copyright=[res/layout/page2.xml, res/values/strings.xml], law=[res/layout/page2.xml, res/layout/page1.xml, res/layout/page5.xml], moneypak=[res/layout/page2.xml, res/layout/page7.xml, res/layout/pay1.xml, res/layout/menu.xml, res/layout/pay2.xml, res/layout/showshop.xml, res/layout/page1.xml, res/layout/page3.xml], threat=[res/layout/page2.xml, res/layout/pay1.xml, res/layout/pay2.xml, res/layout/page1.xml, res/layout/page4.xml, res/layout/page5.xml, res/layout/page8.xml, res/layout/page6.xml], porn=[res/layout/page2.xml, res/layout/pay1.xml, res/layout/pay2.xml, res/layout/page1.xml]}
/home/khoa/Desktop/demo_nt334/heldroid/../dataset/apks/Ransomware/PornDroid/2c7b372254730bfa366e4759db34812c.apk; true; DrawOver; true; 1.000000; [english]; true; false; false; true; [USES_ENCRYPTED_STORAGE]; false; "Threat: 1.000000, Porn: 1.000000, Law: 1.000000, Copyright: 0.000000, Moneypak: 0.816497"; false; {copyright=[], law=[assets/index.html], moneypak=[assets/index.html], threat=[assets/index.html], porn=[assets/index.html]}
/home/khoa/Desktop/demo_nt334/heldroid/../dataset/apks/Ransomware/PornDroid/2a8d8e633510dbe3c419b593ddf2be6d.apk; true; DrawOver; true; 1.000000; [spanish, english]; true; false; false; false; null; false; "Threat: 1.000000, Porn: 1.000000, Law: 0.732520, Copyright: 0.204124, Moneypak: 0.894427"; true; {copyright=[res/layout/page2.xml, res/values/strings.xml], law=[res/layout/page2.xml, res/layout/page1.xml, res/layout/page5.xml], moneypak=[res/layout/page2.xml, res/layout/page7.xml, res/layout/pay1.xml, res/layout/menu.xml, res/layout/pay2.xml, res/layout/showshop.xml, res/layout/page1.xml, res/layout/page3.xml], threat=[res/layout/page2.xml, res/layout/pay1.xml, res/layout/pay2.xml, res/layout/page1.xml, res/layout/page4.xml, res/layout/page5.xml, res/layout/page8.xml, res/layout/page6.xml], porn=[res/layout/page2.xml, res/layout/gblock.xml, res/layout/pay1.xml, res/layout/pay2.xml, res/layout/page1.xml]}
/home/khoa/Desktop/demo_nt334/heldroid/../dataset/apks/Ransomware/PornDroid/217ee4263881095922de50e6fde1746e.apk; true; DrawOver; false; 0.000000; []; false; false; false; false; null; false; "Threat: 0.000000, Porn: 0.000000, Law: 0.000000, Copyright: 0.000000, Moneypak: 0.000000"; false; {copyright=[], law=[], moneypak=[], threat=[], porn=[]}
/home/khoa/Desktop/demo_nt334/heldroid/../dataset/apks/Ransomware/Svpeng/4fd58e60c95708660cd35aa90f733248.apk; true; DrawOver; true; 1.000000; [english]; true; false; false; true; [USES_ENCRYPTED_STORAGE]; false; "Threat: 1.000000, Porn: 0.925820, Law: 1.000000, Copyright: 0.640513, Moneypak: 0.737865"; true; {copyright=[res/layout/doc_2.xml], law=[res/layout/doc_2.xml, res/layout/doc_1.xml, res/layout/payf.xml], moneypak=[res/layout/doc_2.xml, res/layout/payf.xml], threat=[res/layout/doc_2.xml, res/layout/fbi.xml, res/layout/doc_1.xml, res/layout/mpack.xml, res/layout/payf.xml], porn=[res/layout/doc_2.xml, res/layout/doc_1.xml, res/layout/payf.xml]}
/home/khoa/Desktop/demo_nt334/heldroid/../dataset/apks/Ransomware/Svpeng/d3ff6a5e9f69bedd67c09e31ed94a1bd.apk; true; DrawOver; false; 0.000000; [russian, english]; true; false; false; true; [USES_ENCRYPTED_STORAGE]; false; "Threat: 0.192450, Porn: 0.000000, Law: 0.000000, Copyright: 0.000000, Moneypak: 0.223607"; false; {copyright=[], law=[], moneypak=[res/layout/activity_ct.xml, res/layout/activity_pm_err.xml], threat=[res/layout/activity_main.xml, res/layout/activity_pm.xml, res/layout/activity_zl.xml], porn=[]}
/home/khoa/Desktop/demo_nt334/heldroid/../dataset/apks/Ransomware/Svpeng/237d0253fea2a777798360175fd941e9.apk; true; DrawOver; false; 0.000000; [english]; true; false; false; true; [USES_POLICY_FORCE_LOCK, USES_POLICY_LIMIT_PASSWORD, USES_POLICY_WATCH_LOGIN, USES_POLICY_DISABLE_CAMERA, USES_ENCRYPTED_STORAGE]; false; "Threat: 0.000000, Porn: 0.365148, Law: 0.288675, Copyright: 0.166667, Moneypak: 0.408248"; true; {copyright=[res/layout/dmeqxosk.xml, res/layout/ahsfvqnu.xml], law=[res/layout/dmeqxosk.xml], moneypak=[res/layout/dmeqxosk.xml], threat=[], porn=[res/layout/dmeqxosk.xml]}
/home/khoa/Desktop/demo_nt334/heldroid/../dataset/apks/Ransomware/Svpeng/1b88ccb40cb03903680368f9bc9e5f6c.apk; true; DrawOver; false; 0.384094; [english]; true; false; false; true; [USES_POLICY_FORCE_LOCK]; false; "Threat: 0.222222, Porn: 0.235702, Law: 0.188982, Copyright: 0.365148, Moneypak: 0.365148"; true; {copyright=[res/values/strings.xml], law=[res/values/strings.xml], moneypak=[res/values/strings.xml], threat=[res/values/strings.xml], porn=[res/layout/plcxuzww.xml, res/values/strings.xml]}
/home/khoa/Desktop/demo_nt334/heldroid/../dataset/apks/Ransomware/Svpeng/9bd28bf73cde6af073ded5169de17f09.apk; true; DrawOver; false; 0.000000; [english]; true; false; false; true; []; false; "Threat: 0.174078, Porn: 0.316228, Law: 0.000000, Copyright: 0.198680, Moneypak: 0.000000"; true; {copyright=[res/values/strings.xml], law=[], moneypak=[], threat=[res/values/strings.xml], porn=[res/values/strings.xml]}
/home/khoa/Desktop/demo_nt334/heldroid/../dataset/apks/Ransomware/Svpeng/b469d12d7307f9a6b369d4f7301a6c4b.apk; true; DrawOver; false; 0.000000; [english]; true; false; false; false; null; false; "Threat: 0.174078, Porn: 0.316228, Law: 0.000000, Copyright: 0.198680, Moneypak: 0.000000"; true; {copyright=[res/values/strings.xml], law=[], moneypak=[], threat=[res/values/strings.xml], porn=[res/values/strings.xml]}
/home/khoa/Desktop/demo_nt334/heldroid/../dataset/apks/Ransomware/Svpeng/71b71397622bf9e0b97fdeaec3771b18.apk; true; DrawOver; false; 0.000000; [english]; true; false; false; true; []; false; "Threat: 0.174078, Porn: 0.316228, Law: 0.000000, Copyright: 0.198680, Moneypak: 0.000000"; false; {copyright=[res/values/strings.xml], law=[], moneypak=[], threat=[res/values/strings.xml], porn=[res/values/strings.xml]}
/home/khoa/Desktop/demo_nt334/heldroid/../dataset/apks/Ransomware/Svpeng/078f2f3bc9629b930cec5c7cd21a2e53.apk; true; DrawOver; true; 1.000000; [english]; true; false; false; true; [USES_ENCRYPTED_STORAGE]; false; "Threat: 1.000000, Porn: 0.925820, Law: 1.000000, Copyright: 0.640513, Moneypak: 0.816497"; false; {copyright=[res/layout/agreement.xml], law=[res/layout/agreement.xml, res/layout/zl.xml, res/layout/mpack.xml], moneypak=[res/layout/agreement.xml, res/layout/mpack.xml], threat=[res/layout/agreement.xml, res/layout/zl.xml, res/layout/mpack.xml], porn=[res/layout/agreement.xml, res/layout/zl.xml, res/layout/mpack.xml]}
/home/khoa/Desktop/demo_nt334/heldroid/../dataset/apks/Ransomware/Svpeng/6cf17ea9a7f688c8ac3f953d4cee6795.apk; true; DrawOver; false; 0.000000; [english]; true; false; false; true; [USES_POLICY_DISABLE_CAMERA]; false; "Threat: 0.447214, Porn: 0.235702, Law: 0.188982, Copyright: 0.000000, Moneypak: 0.267261"; false; {copyright=[], law=[res/layout/notification_config_white.xml, res/layout/notification_config_black.xml, res/values/strings.xml], moneypak=[res/values/strings.xml], threat=[res/values/strings.xml], porn=[res/layout/activity_welcome_fragment.xml, res/values/strings.xml]}
/home/khoa/Desktop/demo_nt334/heldroid/../dataset/apks/Ransomware/Svpeng/7c9d7f4a6f7d8b4d4627f15867ca9d1c.apk; true; DrawOver; true; 1.000000; [english]; true; false; false; true; [USES_ENCRYPTED_STORAGE]; false; "Threat: 1.000000, Porn: 0.925820, Law: 1.000000, Copyright: 0.640513, Moneypak: 0.816497"; true; {copyright=[res/layout/doc_2.xml], law=[res/layout/doc_2.xml, res/layout/doc_1.xml, res/layout/payf.xml], moneypak=[res/layout/doc_2.xml, res/layout/payf.xml], threat=[res/layout/doc_2.xml, res/layout/fbi.xml, res/layout/doc_1.xml, res/layout/payf.xml], porn=[res/layout/doc_2.xml, res/layout/doc_1.xml, res/layout/payf.xml]}
/home/khoa/Desktop/demo_nt334/heldroid/../dataset/apks/Ransomware/Svpeng/102b4f0f42a267ad9354ea104e787241.apk; false; null; false; 0.000000; []; true; false; false; false; null; false; "Threat: 0.000000, Porn: 0.000000, Law: 0.000000, Copyright: 0.000000, Moneypak: 0.000000"; false; {copyright=[], law=[], moneypak=[], threat=[], porn=[]}
/home/khoa/Desktop/demo_nt334/heldroid/../dataset/apks/Ransomware/LockerPin/a063292d8667cf3d83ff9365dfb8650a.apk; false; null; false; 0.000000; []; false; false; false; false; null; false; "Threat: 0.000000, Porn: 0.000000, Law: 0.000000, Copyright: 0.000000, Moneypak: 0.000000"; false; {copyright=[], law=[], moneypak=[], threat=[], porn=[]}
/home/khoa/Desktop/demo_nt334/heldroid/../dataset/apks/Ransomware/LockerPin/d335f22545505783e473b42259253d36.apk; false; null; false; 0.000000; null; false; false; false; false; null; false; "null"; false; null
/home/khoa/Desktop/demo_nt334/heldroid/../dataset/apks/Ransomware/LockerPin/a581038a69cfa035ab45244c92b61fe0.apk; false; null; false; 0.000000; []; false; false; false; false; null; false; "Threat: 0.000000, Porn: 0.000000, Law: 0.000000, Copyright: 0.000000, Moneypak: 0.000000"; false; {copyright=[], law=[], moneypak=[], threat=[], porn=[]}
/home/khoa/Desktop/demo_nt334/heldroid/../dataset/apks/Ransomware/LockerPin/6349462efbe6ccf4290d4c19dd740cd7.apk; false; null; false; 0.000000; []; false; false; false; false; null; false; "Threat: 0.000000, Porn: 0.000000, Law: 0.000000, Copyright: 0.000000, Moneypak: 0.000000"; false; {copyright=[], law=[], moneypak=[], threat=[], porn=[]}
/home/khoa/Desktop/demo_nt334/heldroid/../dataset/apks/Ransomware/LockerPin/ad24048dcb0acf80b1daeecd7274bdb1.apk; false; null; false; 0.000000; null; false; false; false; false; null; false; "null"; false; null
/home/khoa/Desktop/demo_nt334/heldroid/../dataset/apks/Ransomware/LockerPin/aa2be7fd72752dffa89fb903cb70392e.apk; false; null; false; 0.000000; []; true; false; false; false; null; false; "Threat: 0.000000, Porn: 0.000000, Law: 0.000000, Copyright: 0.000000, Moneypak: 0.000000"; false; {copyright=[], law=[], moneypak=[], threat=[], porn=[]}
/home/khoa/Desktop/demo_nt334/heldroid/../dataset/apks/Ransomware/LockerPin/9639430c8d83e94a2deae6c14cd4fae0.apk; false; null; false; 0.000000; []; true; false; false; false; null; false; "Threat: 0.000000, Porn: 0.000000, Law: 0.000000, Copyright: 0.000000, Moneypak: 0.000000"; false; {copyright=[], law=[], moneypak=[], threat=[], porn=[]}
/home/khoa/Desktop/demo_nt334/heldroid/../dataset/apks/Ransomware/LockerPin/dc531be53c6726e4279c6bbd87b8e169.apk; false; null; false; 0.000000; []; true; false; false; false; null; false; "Threat: 0.000000, Porn: 0.000000, Law: 0.000000, Copyright: 0.000000, Moneypak: 0.000000"; false; {copyright=[], law=[], moneypak=[], threat=[], porn=[]}
/home/khoa/Desktop/demo_nt334/heldroid/../dataset/apks/Ransomware/LockerPin/d0d765731a30dc7d68ab339d144e946f.apk; false; null; false; 0.000000; []; false; false; false; true; [USES_POLICY_FORCE_LOCK]; false; "Threat: 0.000000, Porn: 0.000000, Law: 0.000000, Copyright: 0.000000, Moneypak: 0.000000"; false; {copyright=[], law=[], moneypak=[], threat=[], porn=[]}
/home/khoa/Desktop/demo_nt334/heldroid/../dataset/apks/Ransomware/LockerPin/cd07b48e5ba86570c123e93461cd78db.apk; true; DrawOver; false; 0.000000; []; false; false; false; false; null; false; "Threat: 0.000000, Porn: 0.000000, Law: 0.000000, Copyright: 0.000000, Moneypak: 0.000000"; false; {copyright=[], law=[], moneypak=[], threat=[], porn=[]}
/home/khoa/Desktop/demo_nt334/heldroid/../dataset/apks/Ransomware/Jisut/008aafc94cfdc5e41d8f5fa41abe23ac.apk; true; DrawOver; false; 0.000000; []; true; false; false; false; null; false; "Threat: 0.000000, Porn: 0.000000, Law: 0.000000, Copyright: 0.000000, Moneypak: 0.000000"; false; {copyright=[], law=[], moneypak=[], threat=[], porn=[]}
/home/khoa/Desktop/demo_nt334/heldroid/../dataset/apks/Ransomware/Jisut/064490ecaa3cf7790fdf49c0016f7bfb.apk; true; DrawOver; false; 0.000000; []; true; false; false; false; null; false; "Threat: 0.000000, Porn: 0.000000, Law: 0.000000, Copyright: 0.000000, Moneypak: 0.000000"; false; {copyright=[], law=[], moneypak=[], threat=[], porn=[]}
/home/khoa/Desktop/demo_nt334/heldroid/../dataset/apks/Ransomware/Jisut/0b2f0c2ddf4a6a1101036286d75709f8.apk; true; DrawOver; false; 0.000000; []; true; false; false; false; null; false; "Threat: 0.000000, Porn: 0.000000, Law: 0.000000, Copyright: 0.000000, Moneypak: 0.000000"; false; {copyright=[], law=[], moneypak=[], threat=[], porn=[]}
/home/khoa/Desktop/demo_nt334/heldroid/../dataset/apks/Ransomware/Jisut/041f8b32fa15efda620b04a5dd41554a.apk; true; DrawOver; false; 0.000000; []; true; false; false; false; null; false; "Threat: 0.000000, Porn: 0.000000, Law: 0.000000, Copyright: 0.000000, Moneypak: 0.000000"; false; {copyright=[], law=[], moneypak=[], threat=[], porn=[]}
/home/khoa/Desktop/demo_nt334/heldroid/../dataset/apks/Ransomware/Jisut/12fb8804389e7496ff5a56e2134ccf5e.apk; true; DrawOver; false; 0.000000; []; true; false; false; false; null; false; "Threat: 0.000000, Porn: 0.000000, Law: 0.000000, Copyright: 0.000000, Moneypak: 0.000000"; false; {copyright=[], law=[], moneypak=[], threat=[], porn=[]}
/home/khoa/Desktop/demo_nt334/heldroid/../dataset/apks/Ransomware/Jisut/01147ee72ad07cb9c1416b9963e56f99.apk; true; DrawOver; false; 0.000000; []; true; false; false; false; null; false; "Threat: 0.000000, Porn: 0.000000, Law: 0.000000, Copyright: 0.000000, Moneypak: 0.000000"; false; {copyright=[], law=[], moneypak=[], threat=[], porn=[]}
/home/khoa/Desktop/demo_nt334/heldroid/../dataset/apks/Ransomware/Jisut/0d33685eff9b6df4e87d799689e99a32.apk; true; DrawOver; false; 0.000000; []; false; false; false; false; null; false; "Threat: 0.000000, Porn: 0.000000, Law: 0.000000, Copyright: 0.000000, Moneypak: 0.000000"; false; {copyright=[], law=[], moneypak=[], threat=[], porn=[]}
/home/khoa/Desktop/demo_nt334/heldroid/../dataset/apks/Ransomware/Jisut/0647e7667203a2a9e1858a6e9f49e98b.apk; true; DrawOver; false; 0.000000; []; true; false; false; false; null; false; "Threat: 0.000000, Porn: 0.000000, Law: 0.000000, Copyright: 0.000000, Moneypak: 0.000000"; false; {copyright=[], law=[], moneypak=[], threat=[], porn=[]}
/home/khoa/Desktop/demo_nt334/heldroid/../dataset/apks/Ransomware/Jisut/1046b8a9498edb5ee6f175d752ec9c32.apk; true; DrawOver; false; 0.000000; []; true; false; false; false; null; false; "Threat: 0.000000, Porn: 0.000000, Law: 0.000000, Copyright: 0.000000, Moneypak: 0.000000"; false; {copyright=[], law=[], moneypak=[], threat=[], porn=[]}
/home/khoa/Desktop/demo_nt334/heldroid/../dataset/apks/Ransomware/Jisut/0f52bf7d7b6cf39cbe438b141372e923.apk; true; DrawOver; false; 0.000000; []; true; false; false; false; null; false; "Threat: 0.000000, Porn: 0.000000, Law: 0.000000, Copyright: 0.000000, Moneypak: 0.000000"; false; {copyright=[], law=[], moneypak=[], threat=[], porn=[]}
/home/khoa/Desktop/demo_nt334/heldroid/../dataset/apks/Ransomware/Wannalocker/222d9bfc7496d48240d0d176c70e2835.apk; false; null; false; 0.000000; [english]; true; false; false; false; null; false; "Threat: 0.000000, Porn: 0.000000, Law: 0.000000, Copyright: 0.000000, Moneypak: 0.000000"; false; {copyright=[], law=[], moneypak=[], threat=[], porn=[]}
/home/khoa/Desktop/demo_nt334/heldroid/../dataset/apks/Ransomware/Wannalocker/4bd33ba8957168dccbeadbbea45c6843.apk; false; null; false; 0.000000; [english]; true; false; false; false; null; false; "Threat: 0.000000, Porn: 0.000000, Law: 0.000000, Copyright: 0.000000, Moneypak: 0.000000"; false; {copyright=[], law=[], moneypak=[], threat=[], porn=[]}
/home/khoa/Desktop/demo_nt334/heldroid/../dataset/apks/Ransomware/Wannalocker/25675b6dfed1491e0e5b411826fe8772.apk; false; null; false; 0.000000; [english]; true; false; false; false; null; false; "Threat: 0.000000, Porn: 0.000000, Law: 0.000000, Copyright: 0.000000, Moneypak: 0.000000"; false; {copyright=[], law=[], moneypak=[], threat=[], porn=[]}
/home/khoa/Desktop/demo_nt334/heldroid/../dataset/apks/Ransomware/Wannalocker/50e1f008d92edbde5a4c3185ff8f9c55.apk; false; null; false; 0.000000; [english]; true; false; false; false; null; false; "Threat: 0.000000, Porn: 0.235702, Law: 0.000000, Copyright: 0.000000, Moneypak: 0.000000"; false; {copyright=[], law=[], moneypak=[], threat=[], porn=[res/layout/lock.xml]}
/home/khoa/Desktop/demo_nt334/heldroid/../dataset/apks/Ransomware/Wannalocker/592ef26fa2ffc5495fa0f5c812bdfeee.apk; false; null; false; 0.000000; [english]; true; false; false; false; null; false; "Threat: 0.000000, Porn: 0.000000, Law: 0.000000, Copyright: 0.000000, Moneypak: 0.000000"; false; {copyright=[], law=[], moneypak=[], threat=[], porn=[]}
/home/khoa/Desktop/demo_nt334/heldroid/../dataset/apks/Ransomware/Wannalocker/762138e933a681628ceab29d8e5a96a2.apk; false; null; false; 0.000000; [english]; true; false; false; false; null; false; "Threat: 0.000000, Porn: 0.235702, Law: 0.000000, Copyright: 0.000000, Moneypak: 0.000000"; false; {copyright=[], law=[], moneypak=[], threat=[], porn=[res/layout/main.xml]}
/home/khoa/Desktop/demo_nt334/heldroid/../dataset/apks/Ransomware/Wannalocker/8ce42ae8f1206130aeadaa7cad062aca.apk; false; null; false; 0.000000; [english]; true; false; false; false; null; false; "Threat: 0.000000, Porn: 0.000000, Law: 0.000000, Copyright: 0.000000, Moneypak: 0.000000"; false; {copyright=[], law=[], moneypak=[], threat=[], porn=[]}
/home/khoa/Desktop/demo_nt334/heldroid/../dataset/apks/Ransomware/Wannalocker/66461af2d3c3b018adef6dc451e59802.apk; false; null; false; 0.000000; [english]; true; false; false; false; null; false; "Threat: 0.000000, Porn: 0.000000, Law: 0.000000, Copyright: 0.000000, Moneypak: 0.000000"; false; {copyright=[], law=[], moneypak=[], threat=[], porn=[]}
/home/khoa/Desktop/demo_nt334/heldroid/../dataset/apks/Ransomware/Wannalocker/a7d26deb2f8af2465df8735111eee8bc.apk; false; null; false; 0.000000; [english]; true; false; false; false; null; false; "Threat: 0.000000, Porn: 0.000000, Law: 0.000000, Copyright: 0.000000, Moneypak: 0.000000"; false; {copyright=[], law=[], moneypak=[], threat=[], porn=[]}
/home/khoa/Desktop/demo_nt334/heldroid/../dataset/apks/Ransomware/Wannalocker/5b912cc0f36095ab2f32d95e91b55be7.apk; false; null; false; 0.000000; [english]; true; false; false; false; null; false; "Threat: 0.000000, Porn: 0.235702, Law: 0.000000, Copyright: 0.000000, Moneypak: 0.000000"; false; {copyright=[], law=[], moneypak=[], threat=[], porn=[res/layout/lock.xml]}
/home/khoa/Desktop/demo_nt334/heldroid/../dataset/apks/Ransomware/Koler/12c2978db3aa04ad7e5ea2b98c56ba00.apk; true; DrawOver; true; 1.000000; [spanish, english]; true; false; false; false; null; false; "Threat: 1.000000, Porn: 1.000000, Law: 0.732520, Copyright: 0.204124, Moneypak: 0.894427"; false; {copyright=[res/layout/page2.xml, res/values/strings.xml], law=[res/layout/page2.xml, res/layout/page1.xml, res/layout/page5.xml], moneypak=[res/layout/page2.xml, res/layout/page7.xml, res/layout/pay1.xml, res/layout/menu.xml, res/layout/pay2.xml, res/layout/showshop.xml, res/layout/page1.xml, res/layout/dedra3.xml], threat=[res/layout/page2.xml, res/layout/pay1.xml, res/layout/dedra4.xml, res/layout/pay2.xml, res/layout/page1.xml, res/layout/page5.xml, res/layout/page8.xml, res/layout/page6.xml], porn=[res/layout/page2.xml, res/layout/pay1.xml, res/layout/pay2.xml, res/layout/page1.xml]}
/home/khoa/Desktop/demo_nt334/heldroid/../dataset/apks/Ransomware/Koler/02985692e377d55eaa4347a77b52d789.apk; true; DrawOver; true; 1.000000; [spanish, english]; true; false; false; false; null; false; "Threat: 1.000000, Porn: 1.000000, Law: 0.732520, Copyright: 0.204124, Moneypak: 0.894427"; false; {copyright=[res/layout/page2.xml, res/layout-v13/page2.xml, res/values/strings.xml], law=[res/layout/page2.xml, res/layout/page1.xml, res/layout/page5.xml, res/layout-v13/page2.xml, res/layout-v13/page1.xml, res/layout-v13/page5.xml], moneypak=[res/layout/page2.xml, res/layout/page7.xml, res/layout/pay1.xml, res/layout/menu.xml, res/layout/pay2.xml, res/layout/showshop.xml, res/layout/page1.xml, res/layout/dedra3.xml, res/layout-v13/page2.xml, res/layout-v13/page7.xml, res/layout-v13/pay1.xml, res/layout-v13/menu.xml, res/layout-v13/pay2.xml, res/layout-v13/showshop.xml, res/layout-v13/page1.xml, res/layout-v13/dedra3.xml], threat=[res/layout/page2.xml, res/layout/pay1.xml, res/layout/dedra4.xml, res/layout/pay2.xml, res/layout/page1.xml, res/layout/page5.xml, res/layout/page8.xml, res/layout/page6.xml, res/layout-v13/page2.xml, res/layout-v13/pay1.xml, res/layout-v13/dedra4.xml, res/layout-v13/pay2.xml, res/layout-v13/page1.xml, res/layout-v13/page5.xml, res/layout-v13/page8.xml, res/layout-v13/page6.xml], porn=[res/layout/page2.xml, res/layout/pay1.xml, res/layout/pay2.xml, res/layout/page1.xml, res/layout/main3.xml, res/layout-v13/page2.xml, res/layout-v13/pay1.xml, res/layout-v13/pay2.xml, res/layout-v13/page1.xml]}
/home/khoa/Desktop/demo_nt334/heldroid/../dataset/apks/Ransomware/Koler/112026eab375721007691178dd94740b.apk; true; DrawOver; true; 1.000000; [spanish, english]; true; false; false; false; null; false; "Threat: 1.000000, Porn: 1.000000, Law: 0.732520, Copyright: 0.204124, Moneypak: 0.894427"; false; {copyright=[res/layout/page2.xml, res/values/strings.xml], law=[res/layout/page2.xml, res/layout/page1.xml, res/layout/page5.xml], moneypak=[res/layout/page2.xml, res/layout/page7.xml, res/layout/pay1.xml, res/layout/menu.xml, res/layout/pay2.xml, res/layout/showshop.xml, res/layout/page1.xml, res/layout/dedra3.xml], threat=[res/layout/page2.xml, res/layout/pay1.xml, res/layout/dedra4.xml, res/layout/pay2.xml, res/layout/page1.xml, res/layout/page5.xml, res/layout/page8.xml, res/layout/page6.xml], porn=[res/layout/page2.xml, res/layout/pay1.xml, res/layout/pay2.xml, res/layout/page1.xml]}
/home/khoa/Desktop/demo_nt334/heldroid/../dataset/apks/Ransomware/Koler/0835840a0dd592d5bb4dbb24c4b5bd0c.apk; true; DrawOver; true; 1.000000; [spanish, english]; true; false; false; false; null; false; "Threat: 1.000000, Porn: 1.000000, Law: 0.732520, Copyright: 0.204124, Moneypak: 0.894427"; false; {copyright=[res/layout/page2.xml, res/layout-v13/page2.xml, res/values/strings.xml], law=[res/layout/page2.xml, res/layout/page1.xml, res/layout/page5.xml, res/layout-v13/page2.xml, res/layout-v13/page1.xml, res/layout-v13/page5.xml], moneypak=[res/layout/page2.xml, res/layout/page7.xml, res/layout/pay1.xml, res/layout/menu.xml, res/layout/pay2.xml, res/layout/showshop.xml, res/layout/page1.xml, res/layout/dedra3.xml, res/layout-v13/page2.xml, res/layout-v13/page7.xml, res/layout-v13/pay1.xml, res/layout-v13/menu.xml, res/layout-v13/pay2.xml, res/layout-v13/showshop.xml, res/layout-v13/page1.xml, res/layout-v13/dedra3.xml], threat=[res/layout/page2.xml, res/layout/pay1.xml, res/layout/dedra4.xml, res/layout/pay2.xml, res/layout/page1.xml, res/layout/page5.xml, res/layout/page8.xml, res/layout/page6.xml, res/layout-v13/page2.xml, res/layout-v13/pay1.xml, res/layout-v13/dedra4.xml, res/layout-v13/pay2.xml, res/layout-v13/page1.xml, res/layout-v13/page5.xml, res/layout-v13/page8.xml, res/layout-v13/page6.xml], porn=[res/layout/page2.xml, res/layout/pay1.xml, res/layout/pay2.xml, res/layout/page1.xml, res/layout/main3.xml, res/layout-v13/page2.xml, res/layout-v13/pay1.xml, res/layout-v13/pay2.xml, res/layout-v13/page1.xml]}
/home/khoa/Desktop/demo_nt334/heldroid/../dataset/apks/Ransomware/Koler/09eb9b6b2daa7df06261bdc7a2094271.apk; true; DrawOver; true; 1.000000; [spanish, english]; true; false; false; false; null; false; "Threat: 1.000000, Porn: 1.000000, Law: 0.732520, Copyright: 0.204124, Moneypak: 0.894427"; false; {copyright=[res/layout/page2.xml, res/values/strings.xml], law=[res/layout/page2.xml, res/layout/page1.xml, res/layout/page5.xml], moneypak=[res/layout/page2.xml, res/layout/page7.xml, res/layout/pay1.xml, res/layout/menu.xml, res/layout/pay2.xml, res/layout/showshop.xml, res/layout/page1.xml, res/layout/dedra3.xml], threat=[res/layout/page2.xml, res/layout/pay1.xml, res/layout/dedra4.xml, res/layout/pay2.xml, res/layout/page1.xml, res/layout/page5.xml, res/layout/page8.xml, res/layout/page6.xml], porn=[res/layout/page2.xml, res/layout/pay1.xml, res/layout/pay2.xml, res/layout/page1.xml]}
/home/khoa/Desktop/demo_nt334/heldroid/../dataset/apks/Ransomware/Koler/0d2fea2cb40b41e9d568f4ac986ea139.apk; true; DrawOver; true; 1.000000; [spanish, english]; true; false; false; false; null; false; "Threat: 1.000000, Porn: 1.000000, Law: 0.732520, Copyright: 0.204124, Moneypak: 0.894427"; false; {copyright=[res/layout/page2.xml, res/layout-v13/page2.xml, res/values/strings.xml], law=[res/layout/page2.xml, res/layout/page1.xml, res/layout/page5.xml, res/layout-v13/page2.xml, res/layout-v13/page1.xml, res/layout-v13/page5.xml], moneypak=[res/layout/page2.xml, res/layout/page7.xml, res/layout/pay1.xml, res/layout/menu.xml, res/layout/pay2.xml, res/layout/showshop.xml, res/layout/page1.xml, res/layout/dedra3.xml, res/layout-v13/page2.xml, res/layout-v13/page7.xml, res/layout-v13/pay1.xml, res/layout-v13/menu.xml, res/layout-v13/pay2.xml, res/layout-v13/showshop.xml, res/layout-v13/page1.xml, res/layout-v13/dedra3.xml], threat=[res/layout/page2.xml, res/layout/pay1.xml, res/layout/dedra4.xml, res/layout/pay2.xml, res/layout/page1.xml, res/layout/page5.xml, res/layout/page8.xml, res/layout/page6.xml, res/layout-v13/page2.xml, res/layout-v13/pay1.xml, res/layout-v13/dedra4.xml, res/layout-v13/pay2.xml, res/layout-v13/page1.xml, res/layout-v13/page5.xml, res/layout-v13/page8.xml, res/layout-v13/page6.xml], porn=[res/layout/page2.xml, res/layout/pay1.xml, res/layout/pay2.xml, res/layout/page1.xml, res/layout/main3.xml, res/layout-v13/page2.xml, res/layout-v13/pay1.xml, res/layout-v13/pay2.xml, res/layout-v13/page1.xml]}
/home/khoa/Desktop/demo_nt334/heldroid/../dataset/apks/Ransomware/Koler/0d9f9a88a564bfcfa2e54b504d6562f9.apk; true; DrawOver; true; 1.000000; [spanish, english]; true; false; false; false; null; false; "Threat: 1.000000, Porn: 1.000000, Law: 0.732520, Copyright: 0.204124, Moneypak: 0.894427"; false; {copyright=[res/layout/page2.xml, res/layout-v13/page2.xml, res/values/strings.xml], law=[res/layout/page2.xml, res/layout/page1.xml, res/layout/page5.xml, res/layout-v13/page2.xml, res/layout-v13/page1.xml, res/layout-v13/page5.xml], moneypak=[res/layout/page2.xml, res/layout/page7.xml, res/layout/pay1.xml, res/layout/menu.xml, res/layout/pay2.xml, res/layout/showshop.xml, res/layout/page1.xml, res/layout/dedra3.xml, res/layout-v13/page2.xml, res/layout-v13/page7.xml, res/layout-v13/pay1.xml, res/layout-v13/menu.xml, res/layout-v13/pay2.xml, res/layout-v13/showshop.xml, res/layout-v13/page1.xml, res/layout-v13/dedra3.xml], threat=[res/layout/page2.xml, res/layout/pay1.xml, res/layout/dedra4.xml, res/layout/pay2.xml, res/layout/page1.xml, res/layout/page5.xml, res/layout/page8.xml, res/layout/page6.xml, res/layout-v13/page2.xml, res/layout-v13/pay1.xml, res/layout-v13/dedra4.xml, res/layout-v13/pay2.xml, res/layout-v13/page1.xml, res/layout-v13/page5.xml, res/layout-v13/page8.xml, res/layout-v13/page6.xml], porn=[res/layout/page2.xml, res/layout/pay1.xml, res/layout/pay2.xml, res/layout/page1.xml, res/layout/main3.xml, res/layout-v13/page2.xml, res/layout-v13/pay1.xml, res/layout-v13/pay2.xml, res/layout-v13/page1.xml]}
/home/khoa/Desktop/demo_nt334/heldroid/../dataset/apks/Ransomware/Koler/00f6cb935df075494a1fd1ce5e918a7a.apk; true; DrawOver; true; 1.000000; [spanish, english]; true; false; false; false; null; false; "Threat: 1.000000, Porn: 1.000000, Law: 0.732520, Copyright: 0.204124, Moneypak: 0.894427"; false; {copyright=[res/layout/page2.xml, res/layout-v13/page2.xml, res/values/strings.xml], law=[res/layout/page2.xml, res/layout/page1.xml, res/layout/page5.xml, res/layout-v13/page2.xml, res/layout-v13/page1.xml, res/layout-v13/page5.xml], moneypak=[res/layout/page2.xml, res/layout/page7.xml, res/layout/pay1.xml, res/layout/menu.xml, res/layout/pay2.xml, res/layout/showshop.xml, res/layout/page1.xml, res/layout/dedra3.xml, res/layout-v13/page2.xml, res/layout-v13/page7.xml, res/layout-v13/pay1.xml, res/layout-v13/menu.xml, res/layout-v13/pay2.xml, res/layout-v13/showshop.xml, res/layout-v13/page1.xml, res/layout-v13/dedra3.xml], threat=[res/layout/page2.xml, res/layout/pay1.xml, res/layout/dedra4.xml, res/layout/pay2.xml, res/layout/page1.xml, res/layout/page5.xml, res/layout/page8.xml, res/layout/page6.xml, res/layout-v13/page2.xml, res/layout-v13/pay1.xml, res/layout-v13/dedra4.xml, res/layout-v13/pay2.xml, res/layout-v13/page1.xml, res/layout-v13/page5.xml, res/layout-v13/page8.xml, res/layout-v13/page6.xml], porn=[res/layout/page2.xml, res/layout/pay1.xml, res/layout/pay2.xml, res/layout/page1.xml, res/layout/main3.xml, res/layout-v13/page2.xml, res/layout-v13/pay1.xml, res/layout-v13/pay2.xml, res/layout-v13/page1.xml]}
/home/khoa/Desktop/demo_nt334/heldroid/../dataset/apks/Ransomware/Koler/139e12d02ddc75fdc8a4c90cc063f2f9.apk; true; DrawOver; true; 1.000000; [spanish, english]; true; false; false; false; null; false; "Threat: 1.000000, Porn: 1.000000, Law: 0.732520, Copyright: 0.204124, Moneypak: 0.894427"; false; {copyright=[res/layout/page2.xml, res/values/strings.xml], law=[res/layout/page2.xml, res/layout/page1.xml, res/layout/page5.xml], moneypak=[res/layout/page2.xml, res/layout/page7.xml, res/layout/pay1.xml, res/layout/menu.xml, res/layout/pay2.xml, res/layout/showshop.xml, res/layout/page1.xml, res/layout/dedra3.xml], threat=[res/layout/page2.xml, res/layout/pay1.xml, res/layout/dedra4.xml, res/layout/pay2.xml, res/layout/page1.xml, res/layout/page5.xml, res/layout/page8.xml, res/layout/page6.xml], porn=[res/layout/page2.xml, res/layout/pay1.xml, res/layout/pay2.xml, res/layout/page1.xml]}
/home/khoa/Desktop/demo_nt334/heldroid/../dataset/apks/Ransomware/Pletor/5810c236c795c7236110fd32930de6d9.apk; true; DrawOver; true; 1.000000; [english]; true; false; false; true; [USES_ENCRYPTED_STORAGE]; false; "Threat: 1.000000, Porn: 1.000000, Law: 1.000000, Copyright: 0.000000, Moneypak: 0.816497"; false; {copyright=[], law=[assets/index.html], moneypak=[assets/index.html], threat=[assets/index.html], porn=[assets/index.html]}
/home/khoa/Desktop/demo_nt334/heldroid/../dataset/apks/Ransomware/Pletor/5cfeb9dabe032761ac0b5e671cc5ebab.apk; false; null; false; 0.000000; [russian]; true; false; false; true; []; false; "Threat: 0.000000, Porn: 0.000000, Law: 0.000000, Copyright: 0.149071, Moneypak: 0.250000"; true; {copyright=[res/values/strings.xml], law=[], moneypak=[res/values/strings.xml], threat=[], porn=[]}
/home/khoa/Desktop/demo_nt334/heldroid/../dataset/apks/Ransomware/Pletor/812a7218cfdaed1dba29b7d3b1b54f8b.apk; true; DrawOver; true; 1.000000; [spanish, english]; true; false; false; true; [USES_ENCRYPTED_STORAGE]; false; "Threat: 1.000000, Porn: 1.000000, Law: 0.732520, Copyright: 0.183309, Moneypak: 0.894427"; true; {copyright=[assets/index.html], law=[assets/index.html], moneypak=[assets/index.html], threat=[assets/index.html], porn=[assets/index.html]}
/home/khoa/Desktop/demo_nt334/heldroid/../dataset/apks/Ransomware/Pletor/456d061745137912b5c7972bb1883d68.apk; true; DrawOver; false; 0.000000; [english]; false; false; false; true; []; false; "Threat: 0.213201, Porn: 0.000000, Law: 0.000000, Copyright: 0.000000, Moneypak: 0.516398"; false; {copyright=[], law=[], moneypak=[res/values/strings.xml], threat=[res/values/strings.xml], porn=[]}
/home/khoa/Desktop/demo_nt334/heldroid/../dataset/apks/Ransomware/Pletor/130a8a08dc6ac74fe7f7d70ee3c629b7.apk; true; DrawOver; false; 0.000000; [english]; true; false; false; true; []; false; "Threat: 0.288675, Porn: 0.154303, Law: 0.288675, Copyright: 0.204124, Moneypak: 0.516398"; true; {copyright=[res/layout/atutmn.xml, res/layout/ijhkgimll.xml, res/layout-v11/atutmn.xml], law=[res/layout/qferwmfafp.xml, res/layout/ko_dpggsulu.xml, res/layout-v11/ko_dpggsulu.xml, res/values/strings.xml], moneypak=[res/layout/tihdohb.xml, res/layout/awaqufh.xml, res/layout/ko_dpggsulu.xml, res/layout-v13/tihdohb.xml, res/layout-v11/awaqufh.xml, res/layout-v11/ko_dpggsulu.xml, res/values/strings.xml], threat=[res/layout/lvpoph_gtbga.xml, res/values/strings.xml], porn=[res/values/strings.xml]}
/home/khoa/Desktop/demo_nt334/heldroid/../dataset/apks/Ransomware/Pletor/62271d750449e39024b0db039a53dc98.apk; true; DrawOver; false; 0.000000; [english]; false; false; false; true; []; false; "Threat: 0.213201, Porn: 0.000000, Law: 0.000000, Copyright: 0.000000, Moneypak: 0.516398"; false; {copyright=[], law=[], moneypak=[res/values/strings.xml], threat=[res/values/strings.xml], porn=[]}
/home/khoa/Desktop/demo_nt334/heldroid/../dataset/apks/Ransomware/Pletor/a2603254188da3d67e4da5452e0304a9.apk; true; DrawOver; false; 0.000000; [english]; false; false; false; false; null; false; "Threat: 0.213201, Porn: 0.000000, Law: 0.000000, Copyright: 0.000000, Moneypak: 0.516398"; false; {copyright=[], law=[], moneypak=[res/values/strings.xml], threat=[res/values/strings.xml], porn=[]}
/home/khoa/Desktop/demo_nt334/heldroid/../dataset/apks/Ransomware/Pletor/2283b78067b8e8cc2d6c88994a703528.apk; true; DrawOver; false; 0.000000; [english]; false; false; false; false; null; false; "Threat: 0.213201, Porn: 0.000000, Law: 0.000000, Copyright: 0.000000, Moneypak: 0.516398"; false; {copyright=[], law=[], moneypak=[res/values/strings.xml], threat=[res/values/strings.xml], porn=[]}
/home/khoa/Desktop/demo_nt334/heldroid/../dataset/apks/Ransomware/Pletor/153e99c5484c0fdfb4295f02f54dc6f8.apk; true; DrawOver; true; 1.000000; [spanish, english]; true; false; false; true; [USES_ENCRYPTED_STORAGE]; false; "Threat: 1.000000, Porn: 1.000000, Law: 0.732520, Copyright: 0.183309, Moneypak: 0.894427"; true; {copyright=[assets/index.html], law=[assets/index.html], moneypak=[assets/index.html], threat=[assets/index.html], porn=[assets/index.html]}
/home/khoa/Desktop/demo_nt334/heldroid/../dataset/apks/Ransomware/Pletor/75917cec7507075e6a2128a18db08cfe.apk; true; DrawOver; false; 0.000000; [english]; false; false; false; true; []; false; "Threat: 0.213201, Porn: 0.000000, Law: 0.000000, Copyright: 0.000000, Moneypak: 0.516398"; false; {copyright=[], law=[], moneypak=[res/values/strings.xml], threat=[res/values/strings.xml], porn=[]}
/home/khoa/Desktop/demo_nt334/heldroid/../dataset/apks/Ransomware/Simplocker/03ef0dac1f97f15388bb873a417f6537.apk; true; DrawOver; false; 0.000000; []; false; false; false; false; null; false; "Threat: 0.000000, Porn: 0.000000, Law: 0.000000, Copyright: 0.000000, Moneypak: 0.000000"; false; {copyright=[], law=[], moneypak=[], threat=[], porn=[]}
/home/khoa/Desktop/demo_nt334/heldroid/../dataset/apks/Ransomware/Simplocker/0f3ae8be97f2089d7173bc4e60f46fb9.apk; false; null; true; 1.000000; [english]; true; true; false; true; []; false; "Threat: 0.353553, Porn: 0.745356, Law: 1.000000, Copyright: 1.000000, Moneypak: 1.000000"; false; {copyright=[res/layout/start_accusation.xml, res/layout/agreement.xml], law=[res/layout/start_accusation.xml, res/layout/agreement.xml], moneypak=[res/layout/agreement.xml, res/layout/moneypack.xml, res/values/strings.xml], threat=[res/layout/start_accusation.xml, res/layout/agreement.xml, res/layout/moneypack.xml, res/values/strings.xml], porn=[res/layout/start_accusation.xml, res/layout/agreement.xml, res/layout/moneypack.xml, res/values/strings.xml]}
/home/khoa/Desktop/demo_nt334/heldroid/../dataset/apks/Ransomware/Simplocker/3b785b799471bf424f240deb674a2097.apk; false; null; true; 1.000000; [russian, english]; false; false; false; false; null; false; "Threat: 1.000000, Porn: 1.000000, Law: 0.000000, Copyright: 0.000000, Moneypak: 1.000000"; false; {copyright=[], law=[], moneypak=[res/values/strings.xml], threat=[res/values/strings.xml, unknown/fileTemplates/code/JUnit4 Parameters Method.java.html], porn=[res/values/strings.xml, unknown/fileTemplates/code/JUnit4 Test Method.java.html, unknown/fileTemplates/code/JUnit3 Test Class.java.html, unknown/fileTemplates/code/JUnit3 SetUp Method.java.html, unknown/fileTemplates/code/JUnit4 TearDown Method.java.html, unknown/fileTemplates/code/JUnit4 Test Class.java.html, unknown/fileTemplates/code/JUnit3 Test Method.java.html, unknown/fileTemplates/code/JUnit4 SetUp Method.java.html, unknown/fileTemplates/code/JUnit3 TearDown Method.java.html]}
/home/khoa/Desktop/demo_nt334/heldroid/../dataset/apks/Ransomware/Simplocker/3c3acd059acf29b49519c09e7a01b3c6.apk; false; null; true; 1.000000; [english]; true; true; false; true; []; false; "Threat: 0.900000, Porn: 0.745356, Law: 1.000000, Copyright: 1.000000, Moneypak: 1.000000"; false; {copyright=[res/layout/start_accusation.xml, res/layout/agreement.xml], law=[res/layout/start_accusation.xml, res/layout/agreement.xml, res/layout/moneypack.xml], moneypak=[res/layout/agreement.xml, res/layout/moneypack.xml], threat=[res/layout/start_accusation.xml, res/layout/agreement.xml, res/layout/moneypack.xml, res/values/strings.xml], porn=[res/layout/start_accusation.xml, res/layout/agreement.xml, res/values/strings.xml]}
/home/khoa/Desktop/demo_nt334/heldroid/../dataset/apks/Ransomware/Simplocker/3fbad2e5b4721effbeb4ceb6c3690f5d.apk; true; DrawOver; false; 0.000000; null; false; false; false; false; null; false; "null"; false; null
/home/khoa/Desktop/demo_nt334/heldroid/../dataset/apks/Ransomware/Simplocker/04f62de93dae091e1c94832234263db9.apk; true; DrawOver; false; 0.000000; []; false; false; false; false; null; false; "Threat: 0.000000, Porn: 0.000000, Law: 0.000000, Copyright: 0.000000, Moneypak: 0.000000"; false; {copyright=[], law=[], moneypak=[], threat=[], porn=[]}
/home/khoa/Desktop/demo_nt334/heldroid/../dataset/apks/Ransomware/Simplocker/3ac34928fdc36c9f3e4dca61ab75c691.apk; true; DrawOver; false; 0.000000; []; false; false; false; false; null; false; "Threat: 0.000000, Porn: 0.000000, Law: 0.000000, Copyright: 0.000000, Moneypak: 0.000000"; false; {copyright=[], law=[], moneypak=[], threat=[], porn=[]}
/home/khoa/Desktop/demo_nt334/heldroid/../dataset/apks/Ransomware/Simplocker/0a5d73b773d6360b5660a368cd39c6ce.apk; true; DrawOver; false; 0.000000; []; true; false; false; false; null; false; "Threat: 0.000000, Porn: 0.000000, Law: 0.000000, Copyright: 0.000000, Moneypak: 0.000000"; false; {copyright=[], law=[], moneypak=[], threat=[], porn=[]}
/home/khoa/Desktop/demo_nt334/heldroid/../dataset/apks/Ransomware/Simplocker/0e20e797d2bba903ff61bf2e78b8e298.apk; true; DrawOver; false; 0.000000; []; false; false; false; false; null; false; "Threat: 0.000000, Porn: 0.000000, Law: 0.000000, Copyright: 0.000000, Moneypak: 0.000000"; false; {copyright=[], law=[], moneypak=[], threat=[], porn=[]}
/home/khoa/Desktop/demo_nt334/heldroid/../dataset/apks/Ransomware/Simplocker/0dad5140086599b61662645b288f9e22.apk; true; DrawOver; false; 0.000000; []; false; false; false; false; null; false; "Threat: 0.000000, Porn: 0.000000, Law: 0.000000, Copyright: 0.000000, Moneypak: 0.000000"; false; {copyright=[], law=[], moneypak=[], threat=[], porn=[]}
/home/khoa/Desktop/demo_nt334/heldroid/../dataset/apks/Ransomware/Charger/0b31b97d9ce3b891c7d5b145693e63fe.apk; true; DrawOver; false; 0.000000; []; false; false; false; false; null; false; "Threat: 0.000000, Porn: 0.000000, Law: 0.000000, Copyright: 0.000000, Moneypak: 0.000000"; false; {copyright=[], law=[], moneypak=[], threat=[], porn=[]}
/home/khoa/Desktop/demo_nt334/heldroid/../dataset/apks/Ransomware/Charger/0df8e91d4ee84180099a26d97cf5baf4.apk; true; DrawOver; false; 0.000000; []; false; false; false; false; null; false; "Threat: 0.000000, Porn: 0.000000, Law: 0.000000, Copyright: 0.000000, Moneypak: 0.000000"; false; {copyright=[], law=[], moneypak=[], threat=[], porn=[]}
/home/khoa/Desktop/demo_nt334/heldroid/../dataset/apks/Ransomware/Charger/0639a74f508591f99a7d2309f5825fea.apk; true; DrawOver; false; 0.000000; []; false; false; false; false; null; false; "Threat: 0.000000, Porn: 0.000000, Law: 0.000000, Copyright: 0.000000, Moneypak: 0.000000"; false; {copyright=[], law=[], moneypak=[], threat=[], porn=[]}
/home/khoa/Desktop/demo_nt334/heldroid/../dataset/apks/Ransomware/Charger/00357b0e208c20df3182d54cb2ba15bf.apk; true; DrawOver; false; 0.000000; []; false; false; false; false; null; false; "Threat: 0.000000, Porn: 0.000000, Law: 0.000000, Copyright: 0.000000, Moneypak: 0.000000"; false; {copyright=[], law=[], moneypak=[], threat=[], porn=[]}
/home/khoa/Desktop/demo_nt334/heldroid/../dataset/apks/Ransomware/Charger/02548535ff1cc285fddf699f2d77bcba.apk; true; DrawOver; false; 0.000000; []; false; false; false; true; []; false; "Threat: 0.000000, Porn: 0.000000, Law: 0.000000, Copyright: 0.000000, Moneypak: 0.000000"; false; {copyright=[], law=[], moneypak=[], threat=[], porn=[]}
/home/khoa/Desktop/demo_nt334/heldroid/../dataset/apks/Ransomware/Charger/0bccdcc7d63f0754e9e66c806e8e9203.apk; true; DrawOver; false; 0.000000; []; false; false; false; false; null; false; "Threat: 0.000000, Porn: 0.000000, Law: 0.000000, Copyright: 0.000000, Moneypak: 0.000000"; false; {copyright=[], law=[], moneypak=[], threat=[], porn=[]}
/home/khoa/Desktop/demo_nt334/heldroid/../dataset/apks/Ransomware/Charger/037dd7097890e10e661b10d52db2241b.apk; true; DrawOver; false; 0.000000; []; false; false; false; false; null; false; "Threat: 0.000000, Porn: 0.000000, Law: 0.000000, Copyright: 0.000000, Moneypak: 0.000000"; false; {copyright=[], law=[], moneypak=[], threat=[], porn=[]}
/home/khoa/Desktop/demo_nt334/heldroid/../dataset/apks/Ransomware/Charger/073a2f2d51c7dc00eb21e27cb8fa80f3.apk; true; DrawOver; false; 0.000000; []; false; false; false; false; null; false; "Threat: 0.000000, Porn: 0.000000, Law: 0.000000, Copyright: 0.000000, Moneypak: 0.000000"; false; {copyright=[], law=[], moneypak=[], threat=[], porn=[]}
/home/khoa/Desktop/demo_nt334/heldroid/../dataset/apks/Ransomware/Charger/1251255ee2432e5606f2061f98334eb1.apk; true; DrawOver; false; 0.000000; []; false; false; false; false; null; false; "Threat: 0.000000, Porn: 0.000000, Law: 0.000000, Copyright: 0.000000, Moneypak: 0.000000"; false; {copyright=[], law=[], moneypak=[], threat=[], porn=[]}
/home/khoa/Desktop/demo_nt334/heldroid/../dataset/apks/Ransomware/Charger/08634da89ce3e70a81bdf128b998a89e.apk; true; DrawOver; false; 0.000000; []; false; false; false; false; null; false; "Threat: 0.000000, Porn: 0.000000, Law: 0.000000, Copyright: 0.000000, Moneypak: 0.000000"; false; {copyright=[], law=[], moneypak=[], threat=[], porn=[]}
